ID,FINGER_POS_1,FINGER_POS_2,FINGER_POS_3,FINGER_POS_4,FINGER_POS_5,FINGER_POS_6,FINGER_POS_7,FINGER_POS_8,FINGER_POS_9,FINGER_POS_10,FINGER_POS_11,FINGER_POS_12
146,100,100,100,100,100,100,100,100,100,100,100,100
1474,100,100,100,100,100,100,100,100,100,100,100,100
190,100,100,100,100,100,100,100,100,100,100,100,100
1544,100,100,100,100,100,100,100,100,100,100,100,100
952,100,100,100,100,100,100,100,100,100,100,100,100
1119,100,100,100,100,100,100,100,100,100,100,100,100
3388,100,100,100,100,100,100,100,100,100,100,100,100
2176,100,100,100,100,100,100,100,100,100,100,100,100
1511,100,100,100,100,100,100,100,100,100,100,100,100
2086,100,100,100,100,100,100,100,100,100,100,100,100
213,100,100,100,100,100,100,100,100,100,100,100,100
237,100,100,100,100,100,100,100,100,100,100,100,100
2345,100,100,100,100,100,100,100,100,100,100,100,100
531,100,100,100,100,100,100,100,100,100,100,100,100
129,100,100,100,100,100,100,100,100,100,100,100,100
3064,100,100,100,100,100,100,100,100,100,100,100,100
4184,100,100,100,100,100,100,100,100,100,100,100,100
965,100,100,100,100,100,100,100,100,100,100,100,100
2173,100,100,100,100,100,100,100,100,100,100,100,100
2445,100,100,100,100,100,100,100,100,100,100,100,100
2337,100,100,100,100,100,100,100,100,100,100,100,100
1333,100,100,100,100,100,100,100,100,100,100,100,100
1672,100,100,100,100,100,100,100,100,100,100,100,100
2765,100,100,100,100,100,100,100,100,100,100,100,100
3667,100,100,100,100,100,100,100,100,100,100,100,100
2960,100,100,100,100,100,100,100,100,100,100,100,100
1686,100,100,100,100,100,100,100,100,100,100,100,100
2076,100,100,100,100,100,100,100,100,100,100,100,100
3188,100,100,100,100,100,100,100,100,100,100,100,100
752,100,100,100,100,100,100,100,100,100,100,100,100
1700,100,100,100,100,100,100,100,100,100,100,100,100
1679,100,100,100,100,100,100,100,100,100,100,100,100
1464,100,100,100,100,100,100,100,100,100,100,100,100
3341,100,100,100,100,100,100,100,100,100,100,100,100
3375,100,100,100,100,100,100,100,100,100,100,100,100
35,100,100,100,100,100,100,100,100,100,100,100,100
3717,100,100,100,100,100,100,100,100,100,100,100,100
2943,100,100,100,100,100,100,100,100,100,100,100,100
2327,100,100,100,100,100,100,100,100,100,100,100,100
2620,100,100,100,100,100,100,100,100,100,100,100,100
3092,100,100,100,100,100,100,100,100,100,100,100,100
2598,100,100,100,100,100,100,100,100,100,100,100,100
1042,100,100,100,100,100,100,100,100,100,100,100,100
2097,100,100,100,100,100,100,100,100,100,100,100,100
746,100,100,100,100,100,100,100,100,100,100,100,100
2717,100,100,100,100,100,100,100,100,100,100,100,100
3474,100,100,100,100,100,100,100,100,100,100,100,100
1519,100,100,100,100,100,100,100,100,100,100,100,100
3668,100,100,100,100,100,100,100,100,100,100,100,100
2014,100,100,100,100,100,100,100,100,100,100,100,100
1430,100,100,100,100,100,100,100,100,100,100,100,100
2651,100,100,100,100,100,100,100,100,100,100,100,100
1154,100,100,100,100,100,100,100,100,100,100,100,100
2302,100,100,100,100,100,100,100,100,100,100,100,100
3189,100,100,100,100,100,100,100,100,100,100,100,100
2174,100,100,100,100,100,100,100,100,100,100,100,100
3863,100,100,100,100,100,100,100,100,100,100,100,100
224,100,100,100,100,100,100,100,100,100,100,100,100
2607,100,100,100,100,100,100,100,100,100,100,100,100
3049,100,100,100,100,100,100,100,100,100,100,100,100
553,100,100,100,100,100,100,100,100,100,100,100,100
3072,100,100,100,100,100,100,100,100,100,100,100,100
3250,100,100,100,100,100,100,100,100,100,100,100,100
1894,100,100,100,100,100,100,100,100,100,100,100,100
2258,100,100,100,100,100,100,100,100,100,100,100,100
2475,100,100,100,100,100,100,100,100,100,100,100,100
1200,100,100,100,100,100,100,100,100,100,100,100,100
1624,100,100,100,100,100,100,100,100,100,100,100,100
981,100,100,100,100,100,100,100,100,100,100,100,100
353,100,100,100,100,100,100,100,100,100,100,100,100
261,100,100,100,100,100,100,100,100,100,100,100,100
764,100,100,100,100,100,100,100,100,100,100,100,100
84,100,100,100,100,100,100,100,100,100,100,100,100
2846,100,100,100,100,100,100,100,100,100,100,100,100
2179,100,100,100,100,100,100,100,100,100,100,100,100
3820,100,100,100,100,100,100,100,100,100,100,100,100
3022,100,100,100,100,100,100,100,100,100,100,100,100
316,100,100,100,100,100,100,100,100,100,100,100,100
736,100,100,100,100,100,100,100,100,100,100,100,100
221,100,100,100,100,100,100,100,100,100,100,100,100
1801,100,100,100,100,100,100,100,100,100,100,100,100
925,100,100,100,100,100,100,100,100,100,100,100,100
3336,100,100,100,100,100,100,100,100,100,100,100,100
3362,100,100,100,100,100,100,100,100,100,100,100,100
2110,100,100,100,100,100,100,100,100,100,100,100,100
616,100,100,100,100,100,100,100,100,100,100,100,100
1755,100,100,100,100,100,100,100,100,100,100,100,100
1674,100,100,100,100,100,100,100,100,100,100,100,100
2477,100,100,100,100,100,100,100,100,100,100,100,100
2685,100,100,100,100,100,100,100,100,100,100,100,100
3489,100,100,100,100,100,100,100,100,100,100,100,100
68,100,100,100,100,100,100,100,100,100,100,100,100
805,100,100,100,100,100,100,100,100,100,100,100,100
4016,100,100,100,100,100,100,100,100,100,100,100,100
1173,100,100,100,100,100,100,100,100,100,100,100,100
27,100,100,100,100,100,100,100,100,100,100,100,100
3226,100,100,100,100,100,100,100,100,100,100,100,100
833,100,100,100,100,100,100,100,100,100,100,100,100
3812,100,100,100,100,100,100,100,100,100,100,100,100
601,100,100,100,100,100,100,100,100,100,100,100,100
2831,100,100,100,100,100,100,100,100,100,100,100,100
26,100,100,100,100,100,100,100,100,100,100,100,100
3900,100,100,100,100,100,100,100,100,100,100,100,100
432,100,100,100,100,100,100,100,100,100,100,100,100
1112,100,100,100,100,100,100,100,100,100,100,100,100
3719,100,100,100,100,100,100,100,100,100,100,100,100
3193,100,100,100,100,100,100,100,100,100,100,100,100
2408,100,100,100,100,100,100,100,100,100,100,100,100
262,100,100,100,100,100,100,100,100,100,100,100,100
971,100,100,100,100,100,100,100,100,100,100,100,100
2450,100,100,100,100,100,100,100,100,100,100,100,100
619,100,100,100,100,100,100,100,100,100,100,100,100
3944,100,100,100,100,100,100,100,100,100,100,100,100
434,100,100,100,100,100,100,100,100,100,100,100,100
651,100,100,100,100,100,100,100,100,100,100,100,100
1994,100,100,100,100,100,100,100,100,100,100,100,100
923,100,100,100,100,100,100,100,100,100,100,100,100
1586,100,100,100,100,100,100,100,100,100,100,100,100
2079,100,100,100,100,100,100,100,100,100,100,100,100
2152,100,100,100,100,100,100,100,100,100,100,100,100
1800,100,100,100,100,100,100,100,100,100,100,100,100
54,100,100,100,100,100,100,100,100,100,100,100,100
1297,100,100,100,100,100,100,100,100,100,100,100,100
444,100,100,100,100,100,100,100,100,100,100,100,100
3838,100,100,100,100,100,100,100,100,100,100,100,100
1743,100,100,100,100,100,100,100,100,100,100,100,100
1437,100,100,100,100,100,100,100,100,100,100,100,100
4114,100,100,100,100,100,100,100,100,100,100,100,100
2355,100,100,100,100,100,100,100,100,100,100,100,100
2261,100,100,100,100,100,100,100,100,100,100,100,100
2207,100,100,100,100,100,100,100,100,100,100,100,100
3570,100,100,100,100,100,100,100,100,100,100,100,100
1256,100,100,100,100,100,100,100,100,100,100,100,100
2083,100,100,100,100,100,100,100,100,100,100,100,100
3079,100,100,100,100,100,100,100,100,100,100,100,100
2330,100,100,100,100,100,100,100,100,100,100,100,100
2341,100,100,100,100,100,100,100,100,100,100,100,100
1234,100,100,100,100,100,100,100,100,100,100,100,100
2895,100,100,100,100,100,100,100,100,100,100,100,100
2492,100,100,100,100,100,100,100,100,100,100,100,100
36,100,100,100,100,100,100,100,100,100,100,100,100
3789,100,100,100,100,100,100,100,100,100,100,100,100
1048,100,100,100,100,100,100,100,100,100,100,100,100
3953,100,100,100,100,100,100,100,100,100,100,100,100
1258,100,100,100,100,100,100,100,100,100,100,100,100
3963,100,100,100,100,100,100,100,100,100,100,100,100
1436,100,100,100,100,100,100,100,100,100,100,100,100
891,100,100,100,100,100,100,100,100,100,100,100,100
2731,100,100,100,100,100,100,100,100,100,100,100,100
3525,100,100,100,100,100,100,100,100,100,100,100,100
2847,100,100,100,100,100,100,100,100,100,100,100,100
2898,100,100,100,100,100,100,100,100,100,100,100,100
449,100,100,100,100,100,100,100,100,100,100,100,100
1810,100,100,100,100,100,100,100,100,100,100,100,100
4078,100,100,100,100,100,100,100,100,100,100,100,100
1321,100,100,100,100,100,100,100,100,100,100,100,100
2866,100,100,100,100,100,100,100,100,100,100,100,100
1954,100,100,100,100,100,100,100,100,100,100,100,100
406,100,100,100,100,100,100,100,100,100,100,100,100
3050,100,100,100,100,100,100,100,100,100,100,100,100
3123,100,100,100,100,100,100,100,100,100,100,100,100
1058,100,100,100,100,100,100,100,100,100,100,100,100
1724,100,100,100,100,100,100,100,100,100,100,100,100
1004,100,100,100,100,100,100,100,100,100,100,100,100
3198,100,100,100,100,100,100,100,100,100,100,100,100
724,100,100,100,100,100,100,100,100,100,100,100,100
3159,100,100,100,100,100,100,100,100,100,100,100,100
754,100,100,100,100,100,100,100,100,100,100,100,100
1794,100,100,100,100,100,100,100,100,100,100,100,100
3010,100,100,100,100,100,100,100,100,100,100,100,100
964,100,100,100,100,100,100,100,100,100,100,100,100
4109,100,100,100,100,100,100,100,100,100,100,100,100
2677,100,100,100,100,100,100,100,100,100,100,100,100
1266,100,100,100,100,100,100,100,100,100,100,100,100
3426,100,100,100,100,100,100,100,100,100,100,100,100
3118,100,100,100,100,100,100,100,100,100,100,100,100
1845,100,100,100,100,100,100,100,100,100,100,100,100
2165,100,100,100,100,100,100,100,100,100,100,100,100
2328,100,100,100,100,100,100,100,100,100,100,100,100
3104,100,100,100,100,100,100,100,100,100,100,100,100
489,100,100,100,100,100,100,100,100,100,100,100,100
1416,100,100,100,100,100,100,100,100,100,100,100,100
294,100,100,100,100,100,100,100,100,100,100,100,100
3563,100,100,100,100,100,100,100,100,100,100,100,100
903,100,100,100,100,100,100,100,100,100,100,100,100
185,100,100,100,100,100,100,100,100,100,100,100,100
3402,100,100,100,100,100,100,100,100,100,100,100,100
1829,100,100,100,100,100,100,100,100,100,100,100,100
825,100,100,100,100,100,100,100,100,100,100,100,100
238,100,100,100,100,100,100,100,100,100,100,100,100
2570,100,100,100,100,100,100,100,100,100,100,100,100
1769,100,100,100,100,100,100,100,100,100,100,100,100
2288,100,100,100,100,100,100,100,100,100,100,100,100
3760,100,100,100,100,100,100,100,100,100,100,100,100
4105,100,100,100,100,100,100,100,100,100,100,100,100
3214,100,100,100,100,100,100,100,100,100,100,100,100
66,100,100,100,100,100,100,100,100,100,100,100,100
3846,100,100,100,100,100,100,100,100,100,100,100,100
1765,100,100,100,100,100,100,100,100,100,100,100,100
498,100,100,100,100,100,100,100,100,100,100,100,100
4222,100,100,100,100,100,100,100,100,100,100,100,100
2997,100,100,100,100,100,100,100,100,100,100,100,100
3310,100,100,100,100,100,100,100,100,100,100,100,100
3515,100,100,100,100,100,100,100,100,100,100,100,100
3280,100,100,100,100,100,100,100,100,100,100,100,100
1708,100,100,100,100,100,100,100,100,100,100,100,100
907,100,100,100,100,100,100,100,100,100,100,100,100
1868,100,100,100,100,100,100,100,100,100,100,100,100
3729,100,100,100,100,100,100,100,100,100,100,100,100
3737,100,100,100,100,100,100,100,100,100,100,100,100
2070,100,100,100,100,100,100,100,100,100,100,100,100
2462,100,100,100,100,100,100,100,100,100,100,100,100
2502,100,100,100,100,100,100,100,100,100,100,100,100
1045,100,100,100,100,100,100,100,100,100,100,100,100
1046,100,100,100,100,100,100,100,100,100,100,100,100
2521,100,100,100,100,100,100,100,100,100,100,100,100
643,100,100,100,100,100,100,100,100,100,100,100,100
3828,100,100,100,100,100,100,100,100,100,100,100,100
2987,100,100,100,100,100,100,100,100,100,100,100,100
658,100,100,100,100,100,100,100,100,100,100,100,100
3202,100,100,100,100,100,100,100,100,100,100,100,100
939,100,100,100,100,100,100,100,100,100,100,100,100
4199,100,100,100,100,100,100,100,100,100,100,100,100
3796,100,100,100,100,100,100,100,100,100,100,100,100
735,100,100,100,100,100,100,100,100,100,100,100,100
1832,100,100,100,100,100,100,100,100,100,100,100,100
3926,100,100,100,100,100,100,100,100,100,100,100,100
1389,100,100,100,100,100,100,100,100,100,100,100,100
2640,100,100,100,100,100,100,100,100,100,100,100,100
1653,100,100,100,100,100,100,100,100,100,100,100,100
4087,100,100,100,100,100,100,100,100,100,100,100,100
1061,100,100,100,100,100,100,100,100,100,100,100,100
2484,100,100,100,100,100,100,100,100,100,100,100,100
1424,100,100,100,100,100,100,100,100,100,100,100,100
2274,100,100,100,100,100,100,100,100,100,100,100,100
1001,100,100,100,100,100,100,100,100,100,100,100,100
2160,100,100,100,100,100,100,100,100,100,100,100,100
976,100,100,100,100,100,100,100,100,100,100,100,100
1965,100,100,100,100,100,100,100,100,100,100,100,100
2101,100,100,100,100,100,100,100,100,100,100,100,100
1900,100,100,100,100,100,100,100,100,100,100,100,100
2919,100,100,100,100,100,100,100,100,100,100,100,100
1000,100,100,100,100,100,100,100,100,100,100,100,100
3659,100,100,100,100,100,100,100,100,100,100,100,100
2481,100,100,100,100,100,100,100,100,100,100,100,100
1685,100,100,100,100,100,100,100,100,100,100,100,100
719,100,100,100,100,100,100,100,100,100,100,100,100
1632,100,100,100,100,100,100,100,100,100,100,100,100
3199,100,100,100,100,100,100,100,100,100,100,100,100
3708,100,100,100,100,100,100,100,100,100,100,100,100
2569,100,100,100,100,100,100,100,100,100,100,100,100
789,100,100,100,100,100,100,100,100,100,100,100,100
1470,100,100,100,100,100,100,100,100,100,100,100,100
1494,100,100,100,100,100,100,100,100,100,100,100,100
1158,100,100,100,100,100,100,100,100,100,100,100,100
2865,100,100,100,100,100,100,100,100,100,100,100,100
3133,100,100,100,100,100,100,100,100,100,100,100,100
3416,100,100,100,100,100,100,100,100,100,100,100,100
1435,100,100,100,100,100,100,100,100,100,100,100,100
2594,100,100,100,100,100,100,100,100,100,100,100,100
492,100,100,100,100,100,100,100,100,100,100,100,100
471,100,100,100,100,100,100,100,100,100,100,100,100
3689,100,100,100,100,100,100,100,100,100,100,100,100
1185,100,100,100,100,100,100,100,100,100,100,100,100
3888,100,100,100,100,100,100,100,100,100,100,100,100
2425,100,100,100,100,100,100,100,100,100,100,100,100
745,100,100,100,100,100,100,100,100,100,100,100,100
795,100,100,100,100,100,100,100,100,100,100,100,100
2849,100,100,100,100,100,100,100,100,100,100,100,100
1452,100,100,100,100,100,100,100,100,100,100,100,100
285,100,100,100,100,100,100,100,100,100,100,100,100
1874,100,100,100,100,100,100,100,100,100,100,100,100
2649,100,100,100,100,100,100,100,100,100,100,100,100
1160,100,100,100,100,100,100,100,100,100,100,100,100
1999,100,100,100,100,100,100,100,100,100,100,100,100
1283,100,100,100,100,100,100,100,100,100,100,100,100
3386,100,100,100,100,100,100,100,100,100,100,100,100
3197,100,100,100,100,100,100,100,100,100,100,100,100
3170,100,100,100,100,100,100,100,100,100,100,100,100
1680,100,100,100,100,100,100,100,100,100,100,100,100
4236,100,100,100,100,100,100,100,100,100,100,100,100
2535,100,100,100,100,100,100,100,100,100,100,100,100
869,100,100,100,100,100,100,100,100,100,100,100,100
3521,100,100,100,100,100,100,100,100,100,100,100,100
3907,100,100,100,100,100,100,100,100,100,100,100,100
738,100,100,100,100,100,100,100,100,100,100,100,100
94,100,100,100,100,100,100,100,100,100,100,100,100
192,100,100,100,100,100,100,100,100,100,100,100,100
935,100,100,100,100,100,100,100,100,100,100,100,100
2687,100,100,100,100,100,100,100,100,100,100,100,100
326,100,100,100,100,100,100,100,100,100,100,100,100
2235,100,100,100,100,100,100,100,100,100,100,100,100
3840,100,100,100,100,100,100,100,100,100,100,100,100
817,100,100,100,100,100,100,100,100,100,100,100,100
2809,100,100,100,100,100,100,100,100,100,100,100,100
709,100,100,100,100,100,100,100,100,100,100,100,100
1374,100,100,100,100,100,100,100,100,100,100,100,100
1906,100,100,100,100,100,100,100,100,100,100,100,100
2246,100,100,100,100,100,100,100,100,100,100,100,100
4128,100,100,100,100,100,100,100,100,100,100,100,100
2287,100,100,100,100,100,100,100,100,100,100,100,100
3542,100,100,100,100,100,100,100,100,100,100,100,100
3565,100,100,100,100,100,100,100,100,100,100,100,100
757,100,100,100,100,100,100,100,100,100,100,100,100
2823,100,100,100,100,100,100,100,100,100,100,100,100
4008,100,100,100,100,100,100,100,100,100,100,100,100
2713,100,100,100,100,100,100,100,100,100,100,100,100
1074,100,100,100,100,100,100,100,100,100,100,100,100
2937,100,100,100,100,100,100,100,100,100,100,100,100
2370,100,100,100,100,100,100,100,100,100,100,100,100
1796,100,100,100,100,100,100,100,100,100,100,100,100
2439,100,100,100,100,100,100,100,100,100,100,100,100
2674,100,100,100,100,100,100,100,100,100,100,100,100
2614,100,100,100,100,100,100,100,100,100,100,100,100
4131,100,100,100,100,100,100,100,100,100,100,100,100
4180,100,100,100,100,100,100,100,100,100,100,100,100
2768,100,100,100,100,100,100,100,100,100,100,100,100
2468,100,100,100,100,100,100,100,100,100,100,100,100
438,100,100,100,100,100,100,100,100,100,100,100,100
513,100,100,100,100,100,100,100,100,100,100,100,100
1148,100,100,100,100,100,100,100,100,100,100,100,100
3455,100,100,100,100,100,100,100,100,100,100,100,100
766,100,100,100,100,100,100,100,100,100,100,100,100
1729,100,100,100,100,100,100,100,100,100,100,100,100
2732,100,100,100,100,100,100,100,100,100,100,100,100
1927,100,100,100,100,100,100,100,100,100,100,100,100
1601,100,100,100,100,100,100,100,100,100,100,100,100
293,100,100,100,100,100,100,100,100,100,100,100,100
692,100,100,100,100,100,100,100,100,100,100,100,100
3135,100,100,100,100,100,100,100,100,100,100,100,100
3077,100,100,100,100,100,100,100,100,100,100,100,100
3580,100,100,100,100,100,100,100,100,100,100,100,100
1253,100,100,100,100,100,100,100,100,100,100,100,100
3583,100,100,100,100,100,100,100,100,100,100,100,100
2955,100,100,100,100,100,100,100,100,100,100,100,100
2746,100,100,100,100,100,100,100,100,100,100,100,100
212,100,100,100,100,100,100,100,100,100,100,100,100
2964,100,100,100,100,100,100,100,100,100,100,100,100
2921,100,100,100,100,100,100,100,100,100,100,100,100
62,100,100,100,100,100,100,100,100,100,100,100,100
3758,100,100,100,100,100,100,100,100,100,100,100,100
572,100,100,100,100,100,100,100,100,100,100,100,100
982,100,100,100,100,100,100,100,100,100,100,100,100
2220,100,100,100,100,100,100,100,100,100,100,100,100
3088,100,100,100,100,100,100,100,100,100,100,100,100
1254,100,100,100,100,100,100,100,100,100,100,100,100
302,100,100,100,100,100,100,100,100,100,100,100,100
941,100,100,100,100,100,100,100,100,100,100,100,100
2289,100,100,100,100,100,100,100,100,100,100,100,100
934,100,100,100,100,100,100,100,100,100,100,100,100
4020,100,100,100,100,100,100,100,100,100,100,100,100
3982,100,100,100,100,100,100,100,100,100,100,100,100
473,100,100,100,100,100,100,100,100,100,100,100,100
1741,100,100,100,100,100,100,100,100,100,100,100,100
1079,100,100,100,100,100,100,100,100,100,100,100,100
2255,100,100,100,100,100,100,100,100,100,100,100,100
2318,100,100,100,100,100,100,100,100,100,100,100,100
4167,100,100,100,100,100,100,100,100,100,100,100,100
871,100,100,100,100,100,100,100,100,100,100,100,100
3100,100,100,100,100,100,100,100,100,100,100,100,100
1484,100,100,100,100,100,100,100,100,100,100,100,100
3772,100,100,100,100,100,100,100,100,100,100,100,100
3529,100,100,100,100,100,100,100,100,100,100,100,100
2650,100,100,100,100,100,100,100,100,100,100,100,100
491,100,100,100,100,100,100,100,100,100,100,100,100
3933,100,100,100,100,100,100,100,100,100,100,100,100
2645,100,100,100,100,100,100,100,100,100,100,100,100
2668,100,100,100,100,100,100,100,100,100,100,100,100
2479,100,100,100,100,100,100,100,100,100,100,100,100
2005,100,100,100,100,100,100,100,100,100,100,100,100
856,100,100,100,100,100,100,100,100,100,100,100,100
3409,100,100,100,100,100,100,100,100,100,100,100,100
1264,100,100,100,100,100,100,100,100,100,100,100,100
3479,100,100,100,100,100,100,100,100,100,100,100,100
1219,100,100,100,100,100,100,100,100,100,100,100,100
1082,100,100,100,100,100,100,100,100,100,100,100,100
517,100,100,100,100,100,100,100,100,100,100,100,100
1704,100,100,100,100,100,100,100,100,100,100,100,100
1087,100,100,100,100,100,100,100,100,100,100,100,100
2047,100,100,100,100,100,100,100,100,100,100,100,100
1782,100,100,100,100,100,100,100,100,100,100,100,100
1227,100,100,100,100,100,100,100,100,100,100,100,100
3927,100,100,100,100,100,100,100,100,100,100,100,100
3740,100,100,100,100,100,100,100,100,100,100,100,100
398,100,100,100,100,100,100,100,100,100,100,100,100
2889,100,100,100,100,100,100,100,100,100,100,100,100
2329,100,100,100,100,100,100,100,100,100,100,100,100
1359,100,100,100,100,100,100,100,100,100,100,100,100
1235,100,100,100,100,100,100,100,100,100,100,100,100
3989,100,100,100,100,100,100,100,100,100,100,100,100
14,100,100,100,100,100,100,100,100,100,100,100,100
1422,100,100,100,100,100,100,100,100,100,100,100,100
3302,100,100,100,100,100,100,100,100,100,100,100,100
2321,100,100,100,100,100,100,100,100,100,100,100,100
2045,100,100,100,100,100,100,100,100,100,100,100,100
4081,100,100,100,100,100,100,100,100,100,100,100,100
375,100,100,100,100,100,100,100,100,100,100,100,100
3873,100,100,100,100,100,100,100,100,100,100,100,100
1030,100,100,100,100,100,100,100,100,100,100,100,100
430,100,100,100,100,100,100,100,100,100,100,100,100
174,100,100,100,100,100,100,100,100,100,100,100,100
3154,100,100,100,100,100,100,100,100,100,100,100,100
381,100,100,100,100,100,100,100,100,100,100,100,100
3957,100,100,100,100,100,100,100,100,100,100,100,100
2761,100,100,100,100,100,100,100,100,100,100,100,100
2106,100,100,100,100,100,100,100,100,100,100,100,100
1639,100,100,100,100,100,100,100,100,100,100,100,100
1966,100,100,100,100,100,100,100,100,100,100,100,100
2156,100,100,100,100,100,100,100,100,100,100,100,100
554,100,100,100,100,100,100,100,100,100,100,100,100
4123,100,100,100,100,100,100,100,100,100,100,100,100
1929,100,100,100,100,100,100,100,100,100,100,100,100
3596,100,100,100,100,100,100,100,100,100,100,100,100
3443,100,100,100,100,100,100,100,100,100,100,100,100
1518,100,100,100,100,100,100,100,100,100,100,100,100
3502,100,100,100,100,100,100,100,100,100,100,100,100
3230,100,100,100,100,100,100,100,100,100,100,100,100
4121,100,100,100,100,100,100,100,100,100,100,100,100
783,100,100,100,100,100,100,100,100,100,100,100,100
3403,100,100,100,100,100,100,100,100,100,100,100,100
704,100,100,100,100,100,100,100,100,100,100,100,100
59,100,100,100,100,100,100,100,100,100,100,100,100
1051,100,100,100,100,100,100,100,100,100,100,100,100
3095,100,100,100,100,100,100,100,100,100,100,100,100
3325,100,100,100,100,100,100,100,100,100,100,100,100
2886,100,100,100,100,100,100,100,100,100,100,100,100
1114,100,100,100,100,100,100,100,100,100,100,100,100
1097,100,100,100,100,100,100,100,100,100,100,100,100
4156,100,100,100,100,100,100,100,100,100,100,100,100
3847,100,100,100,100,100,100,100,100,100,100,100,100
737,100,100,100,100,100,100,100,100,100,100,100,100
3430,100,100,100,100,100,100,100,100,100,100,100,100
2007,100,100,100,100,100,100,100,100,100,100,100,100
1707,100,100,100,100,100,100,100,100,100,100,100,100
1265,100,100,100,100,100,100,100,100,100,100,100,100
3187,100,100,100,100,100,100,100,100,100,100,100,100
1078,100,100,100,100,100,100,100,100,100,100,100,100
2939,100,100,100,100,100,100,100,100,100,100,100,100
1090,100,100,100,100,100,100,100,100,100,100,100,100
3526,100,100,100,100,100,100,100,100,100,100,100,100
3315,100,100,100,100,100,100,100,100,100,100,100,100
2861,100,100,100,100,100,100,100,100,100,100,100,100
1735,100,100,100,100,100,100,100,100,100,100,100,100
464,100,100,100,100,100,100,100,100,100,100,100,100
947,100,100,100,100,100,100,100,100,100,100,100,100
1310,100,100,100,100,100,100,100,100,100,100,100,100
1651,100,100,100,100,100,100,100,100,100,100,100,100
3337,100,100,100,100,100,100,100,100,100,100,100,100
3887,100,100,100,100,100,100,100,100,100,100,100,100
1893,100,100,100,100,100,100,100,100,100,100,100,100
1836,100,100,100,100,100,100,100,100,100,100,100,100
2417,100,100,100,100,100,100,100,100,100,100,100,100
598,100,100,100,100,100,100,100,100,100,100,100,100
2652,100,100,100,100,100,100,100,100,100,100,100,100
2749,100,100,100,100,100,100,100,100,100,100,100,100
2282,100,100,100,100,100,100,100,100,100,100,100,100
3055,100,100,100,100,100,100,100,100,100,100,100,100
1526,100,100,100,100,100,100,100,100,100,100,100,100
1292,100,100,100,100,100,100,100,100,100,100,100,100
600,100,100,100,100,100,100,100,100,100,100,100,100
1740,100,100,100,100,100,100,100,100,100,100,100,100
3832,100,100,100,100,100,100,100,100,100,100,100,100
1168,100,100,100,100,100,100,100,100,100,100,100,100
1367,100,100,100,100,100,100,100,100,100,100,100,100
3586,100,100,100,100,100,100,100,100,100,100,100,100
3869,100,100,100,100,100,100,100,100,100,100,100,100
3282,100,100,100,100,100,100,100,100,100,100,100,100
3290,100,100,100,100,100,100,100,100,100,100,100,100
695,100,100,100,100,100,100,100,100,100,100,100,100
1454,100,100,100,100,100,100,100,100,100,100,100,100
567,100,100,100,100,100,100,100,100,100,100,100,100
75,100,100,100,100,100,100,100,100,100,100,100,100
4117,100,100,100,100,100,100,100,100,100,100,100,100
1068,100,100,100,100,100,100,100,100,100,100,100,100
3261,100,100,100,100,100,100,100,100,100,100,100,100
477,100,100,100,100,100,100,100,100,100,100,100,100
3178,100,100,100,100,100,100,100,100,100,100,100,100
1448,100,100,100,100,100,100,100,100,100,100,100,100
2415,100,100,100,100,100,100,100,100,100,100,100,100
3817,100,100,100,100,100,100,100,100,100,100,100,100
1942,100,100,100,100,100,100,100,100,100,100,100,100
1096,100,100,100,100,100,100,100,100,100,100,100,100
2924,100,100,100,100,100,100,100,100,100,100,100,100
889,100,100,100,100,100,100,100,100,100,100,100,100
3793,100,100,100,100,100,100,100,100,100,100,100,100
3200,100,100,100,100,100,100,100,100,100,100,100,100
3032,100,100,100,100,100,100,100,100,100,100,100,100
2978,100,100,100,100,100,100,100,100,100,100,100,100
2612,100,100,100,100,100,100,100,100,100,100,100,100
3398,100,100,100,100,100,100,100,100,100,100,100,100
3297,100,100,100,100,100,100,100,100,100,100,100,100
3213,100,100,100,100,100,100,100,100,100,100,100,100
1419,100,100,100,100,100,100,100,100,100,100,100,100
104,100,100,100,100,100,100,100,100,100,100,100,100
3895,100,100,100,100,100,100,100,100,100,100,100,100
2385,100,100,100,100,100,100,100,100,100,100,100,100
2797,100,100,100,100,100,100,100,100,100,100,100,100
2805,100,100,100,100,100,100,100,100,100,100,100,100
576,100,100,100,100,100,100,100,100,100,100,100,100
1282,100,100,100,100,100,100,100,100,100,100,100,100
2171,100,100,100,100,100,100,100,100,100,100,100,100
2873,100,100,100,100,100,100,100,100,100,100,100,100
623,100,100,100,100,100,100,100,100,100,100,100,100
4004,100,100,100,100,100,100,100,100,100,100,100,100
823,100,100,100,100,100,100,100,100,100,100,100,100
1551,100,100,100,100,100,100,100,100,100,100,100,100
1312,100,100,100,100,100,100,100,100,100,100,100,100
3284,100,100,100,100,100,100,100,100,100,100,100,100
1819,100,100,100,100,100,100,100,100,100,100,100,100
240,100,100,100,100,100,100,100,100,100,100,100,100
3139,100,100,100,100,100,100,100,100,100,100,100,100
1406,100,100,100,100,100,100,100,100,100,100,100,100
3855,100,100,100,100,100,100,100,100,100,100,100,100
382,100,100,100,100,100,100,100,100,100,100,100,100
2350,100,100,100,100,100,100,100,100,100,100,100,100
1827,100,100,100,100,100,100,100,100,100,100,100,100
3875,100,100,100,100,100,100,100,100,100,100,100,100
4141,100,100,100,100,100,100,100,100,100,100,100,100
2088,100,100,100,100,100,100,100,100,100,100,100,100
3494,100,100,100,100,100,100,100,100,100,100,100,100
3718,100,100,100,100,100,100,100,100,100,100,100,100
4175,100,100,100,100,100,100,100,100,100,100,100,100
1792,100,100,100,100,100,100,100,100,100,100,100,100
315,100,100,100,100,100,100,100,100,100,100,100,100
394,100,100,100,100,100,100,100,100,100,100,100,100
2504,100,100,100,100,100,100,100,100,100,100,100,100
25,100,100,100,100,100,100,100,100,100,100,100,100
4231,100,100,100,100,100,100,100,100,100,100,100,100
4045,100,100,100,100,100,100,100,100,100,100,100,100
2503,100,100,100,100,100,100,100,100,100,100,100,100
2198,100,100,100,100,100,100,100,100,100,100,100,100
3571,100,100,100,100,100,100,100,100,100,100,100,100
297,100,100,100,100,100,100,100,100,100,100,100,100
2185,100,100,100,100,100,100,100,100,100,100,100,100
650,100,100,100,100,100,100,100,100,100,100,100,100
2064,100,100,100,100,100,100,100,100,100,100,100,100
2565,100,100,100,100,100,100,100,100,100,100,100,100
3247,100,100,100,100,100,100,100,100,100,100,100,100
4135,100,100,100,100,100,100,100,100,100,100,100,100
3576,100,100,100,100,100,100,100,100,100,100,100,100
2145,100,100,100,100,100,100,100,100,100,100,100,100
1731,100,100,100,100,100,100,100,100,100,100,100,100
195,100,100,100,100,100,100,100,100,100,100,100,100
1255,100,100,100,100,100,100,100,100,100,100,100,100
3258,100,100,100,100,100,100,100,100,100,100,100,100
4209,100,100,100,100,100,100,100,100,100,100,100,100
1410,100,100,100,100,100,100,100,100,100,100,100,100
1477,100,100,100,100,100,100,100,100,100,100,100,100
1898,100,100,100,100,100,100,100,100,100,100,100,100
416,100,100,100,100,100,100,100,100,100,100,100,100
1008,100,100,100,100,100,100,100,100,100,100,100,100
1428,100,100,100,100,100,100,100,100,100,100,100,100
728,100,100,100,100,100,100,100,100,100,100,100,100
3019,100,100,100,100,100,100,100,100,100,100,100,100
3976,100,100,100,100,100,100,100,100,100,100,100,100
4036,100,100,100,100,100,100,100,100,100,100,100,100
881,100,100,100,100,100,100,100,100,100,100,100,100
2195,100,100,100,100,100,100,100,100,100,100,100,100
3851,100,100,100,100,100,100,100,100,100,100,100,100
2036,100,100,100,100,100,100,100,100,100,100,100,100
2887,100,100,100,100,100,100,100,100,100,100,100,100
3915,100,100,100,100,100,100,100,100,100,100,100,100
70,100,100,100,100,100,100,100,100,100,100,100,100
3905,100,100,100,100,100,100,100,100,100,100,100,100
366,100,100,100,100,100,100,100,100,100,100,100,100
1935,100,100,100,100,100,100,100,100,100,100,100,100
4203,100,100,100,100,100,100,100,100,100,100,100,100
3839,100,100,100,100,100,100,100,100,100,100,100,100
2332,100,100,100,100,100,100,100,100,100,100,100,100
605,100,100,100,100,100,100,100,100,100,100,100,100
4003,100,100,100,100,100,100,100,100,100,100,100,100
417,100,100,100,100,100,100,100,100,100,100,100,100
2224,100,100,100,100,100,100,100,100,100,100,100,100
654,100,100,100,100,100,100,100,100,100,100,100,100
3410,100,100,100,100,100,100,100,100,100,100,100,100
13,100,100,100,100,100,100,100,100,100,100,100,100
571,100,100,100,100,100,100,100,100,100,100,100,100
257,100,100,100,100,100,100,100,100,100,100,100,100
2965,100,100,100,100,100,100,100,100,100,100,100,100
3627,100,100,100,100,100,100,100,100,100,100,100,100
3788,100,100,100,100,100,100,100,100,100,100,100,100
4125,100,100,100,100,100,100,100,100,100,100,100,100
570,100,100,100,100,100,100,100,100,100,100,100,100
3671,100,100,100,100,100,100,100,100,100,100,100,100
1355,100,100,100,100,100,100,100,100,100,100,100,100
4092,100,100,100,100,100,100,100,100,100,100,100,100
169,100,100,100,100,100,100,100,100,100,100,100,100
3146,100,100,100,100,100,100,100,100,100,100,100,100
953,100,100,100,100,100,100,100,100,100,100,100,100
3527,100,100,100,100,100,100,100,100,100,100,100,100
2006,100,100,100,100,100,100,100,100,100,100,100,100
1648,100,100,100,100,100,100,100,100,100,100,100,100
1821,100,100,100,100,100,100,100,100,100,100,100,100
3218,100,100,100,100,100,100,100,100,100,100,100,100
4088,100,100,100,100,100,100,100,100,100,100,100,100
1166,100,100,100,100,100,100,100,100,100,100,100,100
4047,100,100,100,100,100,100,100,100,100,100,100,100
2084,100,100,100,100,100,100,100,100,100,100,100,100
2854,100,100,100,100,100,100,100,100,100,100,100,100
2427,100,100,100,100,100,100,100,100,100,100,100,100
656,100,100,100,100,100,100,100,100,100,100,100,100
3294,100,100,100,100,100,100,100,100,100,100,100,100
877,100,100,100,100,100,100,100,100,100,100,100,100
3165,100,100,100,100,100,100,100,100,100,100,100,100
1073,100,100,100,100,100,100,100,100,100,100,100,100
2702,100,100,100,100,100,100,100,100,100,100,100,100
452,100,100,100,100,100,100,100,100,100,100,100,100
842,100,100,100,100,100,100,100,100,100,100,100,100
3636,100,100,100,100,100,100,100,100,100,100,100,100
2555,100,100,100,100,100,100,100,100,100,100,100,100
1404,100,100,100,100,100,100,100,100,100,100,100,100
525,100,100,100,100,100,100,100,100,100,100,100,100
3343,100,100,100,100,100,100,100,100,100,100,100,100
3884,100,100,100,100,100,100,100,100,100,100,100,100
4093,100,100,100,100,100,100,100,100,100,100,100,100
177,100,100,100,100,100,100,100,100,100,100,100,100
429,100,100,100,100,100,100,100,100,100,100,100,100
3860,100,100,100,100,100,100,100,100,100,100,100,100
2300,100,100,100,100,100,100,100,100,100,100,100,100
2950,100,100,100,100,100,100,100,100,100,100,100,100
3185,100,100,100,100,100,100,100,100,100,100,100,100
3414,100,100,100,100,100,100,100,100,100,100,100,100
580,100,100,100,100,100,100,100,100,100,100,100,100
3160,100,100,100,100,100,100,100,100,100,100,100,100
2027,100,100,100,100,100,100,100,100,100,100,100,100
4169,100,100,100,100,100,100,100,100,100,100,100,100
4058,100,100,100,100,100,100,100,100,100,100,100,100
4002,100,100,100,100,100,100,100,100,100,100,100,100
3669,100,100,100,100,100,100,100,100,100,100,100,100
2894,100,100,100,100,100,100,100,100,100,100,100,100
2730,100,100,100,100,100,100,100,100,100,100,100,100
3350,100,100,100,100,100,100,100,100,100,100,100,100
2804,100,100,100,100,100,100,100,100,100,100,100,100
2270,100,100,100,100,100,100,100,100,100,100,100,100
3346,100,100,100,100,100,100,100,100,100,100,100,100
1438,100,100,100,100,100,100,100,100,100,100,100,100
3833,100,100,100,100,100,100,100,100,100,100,100,100
959,100,100,100,100,100,100,100,100,100,100,100,100
65,100,100,100,100,100,100,100,100,100,100,100,100
496,100,100,100,100,100,100,100,100,100,100,100,100
2957,100,100,100,100,100,100,100,100,100,100,100,100
2325,100,100,100,100,100,100,100,100,100,100,100,100
505,100,100,100,100,100,100,100,100,100,100,100,100
3096,100,100,100,100,100,100,100,100,100,100,100,100
1320,100,100,100,100,100,100,100,100,100,100,100,100
1358,100,100,100,100,100,100,100,100,100,100,100,100
3057,100,100,100,100,100,100,100,100,100,100,100,100
1362,100,100,100,100,100,100,100,100,100,100,100,100
3958,100,100,100,100,100,100,100,100,100,100,100,100
2778,100,100,100,100,100,100,100,100,100,100,100,100
3488,100,100,100,100,100,100,100,100,100,100,100,100
3366,100,100,100,100,100,100,100,100,100,100,100,100
3449,100,100,100,100,100,100,100,100,100,100,100,100
811,100,100,100,100,100,100,100,100,100,100,100,100
2679,100,100,100,100,100,100,100,100,100,100,100,100
2214,100,100,100,100,100,100,100,100,100,100,100,100
154,100,100,100,100,100,100,100,100,100,100,100,100
4035,100,100,100,100,100,100,100,100,100,100,100,100
284,100,100,100,100,100,100,100,100,100,100,100,100
2839,100,100,100,100,100,100,100,100,100,100,100,100
3615,100,100,100,100,100,100,100,100,100,100,100,100
1012,100,100,100,100,100,100,100,100,100,100,100,100
3578,100,100,100,100,100,100,100,100,100,100,100,100
1678,100,100,100,100,100,100,100,100,100,100,100,100
2455,100,100,100,100,100,100,100,100,100,100,100,100
635,100,100,100,100,100,100,100,100,100,100,100,100
3427,100,100,100,100,100,100,100,100,100,100,100,100
3544,100,100,100,100,100,100,100,100,100,100,100,100
3572,100,100,100,100,100,100,100,100,100,100,100,100
2092,100,100,100,100,100,100,100,100,100,100,100,100
3878,100,100,100,100,100,100,100,100,100,100,100,100
1567,100,100,100,100,100,100,100,100,100,100,100,100
2902,100,100,100,100,100,100,100,100,100,100,100,100
3453,100,100,100,100,100,100,100,100,100,100,100,100
3417,100,100,100,100,100,100,100,100,100,100,100,100
271,100,100,100,100,100,100,100,100,100,100,100,100
4214,100,100,100,100,100,100,100,100,100,100,100,100
1383,100,100,100,100,100,100,100,100,100,100,100,100
1584,100,100,100,100,100,100,100,100,100,100,100,100
1814,100,100,100,100,100,100,100,100,100,100,100,100
407,100,100,100,100,100,100,100,100,100,100,100,100
209,100,100,100,100,100,100,100,100,100,100,100,100
546,100,100,100,100,100,100,100,100,100,100,100,100
2480,100,100,100,100,100,100,100,100,100,100,100,100
3075,100,100,100,100,100,100,100,100,100,100,100,100
393,100,100,100,100,100,100,100,100,100,100,100,100
180,100,100,100,100,100,100,100,100,100,100,100,100
2703,100,100,100,100,100,100,100,100,100,100,100,100
2571,100,100,100,100,100,100,100,100,100,100,100,100
1191,100,100,100,100,100,100,100,100,100,100,100,100
58,100,100,100,100,100,100,100,100,100,100,100,100
201,100,100,100,100,100,100,100,100,100,100,100,100
822,100,100,100,100,100,100,100,100,100,100,100,100
2695,100,100,100,100,100,100,100,100,100,100,100,100
860,100,100,100,100,100,100,100,100,100,100,100,100
3448,100,100,100,100,100,100,100,100,100,100,100,100
441,100,100,100,100,100,100,100,100,100,100,100,100
2250,100,100,100,100,100,100,100,100,100,100,100,100
410,100,100,100,100,100,100,100,100,100,100,100,100
2513,100,100,100,100,100,100,100,100,100,100,100,100
1917,100,100,100,100,100,100,100,100,100,100,100,100
1006,100,100,100,100,100,100,100,100,100,100,100,100
2182,100,100,100,100,100,100,100,100,100,100,100,100
306,100,100,100,100,100,100,100,100,100,100,100,100
3886,100,100,100,100,100,100,100,100,100,100,100,100
3267,100,100,100,100,100,100,100,100,100,100,100,100
1563,100,100,100,100,100,100,100,100,100,100,100,100
1348,100,100,100,100,100,100,100,100,100,100,100,100
3868,100,100,100,100,100,100,100,100,100,100,100,100
4107,100,100,100,100,100,100,100,100,100,100,100,100
1920,100,100,100,100,100,100,100,100,100,100,100,100
150,100,100,100,100,100,100,100,100,100,100,100,100
3254,100,100,100,100,100,100,100,100,100,100,100,100
3018,100,100,100,100,100,100,100,100,100,100,100,100
111,100,100,100,100,100,100,100,100,100,100,100,100
930,100,100,100,100,100,100,100,100,100,100,100,100
591,100,100,100,100,100,100,100,100,100,100,100,100
2451,100,100,100,100,100,100,100,100,100,100,100,100
2352,100,100,100,100,100,100,100,100,100,100,100,100
1910,100,100,100,100,100,100,100,100,100,100,100,100
3497,100,100,100,100,100,100,100,100,100,100,100,100
332,100,100,100,100,100,100,100,100,100,100,100,100
4154,100,100,100,100,100,100,100,100,100,100,100,100
3262,100,100,100,100,100,100,100,100,100,100,100,100
711,100,100,100,100,100,100,100,100,100,100,100,100
1778,100,100,100,100,100,100,100,100,100,100,100,100
4178,100,100,100,100,100,100,100,100,100,100,100,100
3181,100,100,100,100,100,100,100,100,100,100,100,100
760,100,100,100,100,100,100,100,100,100,100,100,100
3500,100,100,100,100,100,100,100,100,100,100,100,100
3182,100,100,100,100,100,100,100,100,100,100,100,100
900,100,100,100,100,100,100,100,100,100,100,100,100
1299,100,100,100,100,100,100,100,100,100,100,100,100
1867,100,100,100,100,100,100,100,100,100,100,100,100
469,100,100,100,100,100,100,100,100,100,100,100,100
4206,100,100,100,100,100,100,100,100,100,100,100,100
1169,100,100,100,100,100,100,100,100,100,100,100,100
373,100,100,100,100,100,100,100,100,100,100,100,100
1267,100,100,100,100,100,100,100,100,100,100,100,100
3074,100,100,100,100,100,100,100,100,100,100,100,100
2509,100,100,100,100,100,100,100,100,100,100,100,100
991,100,100,100,100,100,100,100,100,100,100,100,100
2661,100,100,100,100,100,100,100,100,100,100,100,100
3378,100,100,100,100,100,100,100,100,100,100,100,100
1996,100,100,100,100,100,100,100,100,100,100,100,100
4177,100,100,100,100,100,100,100,100,100,100,100,100
3347,100,100,100,100,100,100,100,100,100,100,100,100
1876,100,100,100,100,100,100,100,100,100,100,100,100
3005,100,100,100,100,100,100,100,100,100,100,100,100
2799,100,100,100,100,100,100,100,100,100,100,100,100
314,100,100,100,100,100,100,100,100,100,100,100,100
4085,100,100,100,100,100,100,100,100,100,100,100,100
2078,100,100,100,100,100,100,100,100,100,100,100,100
2659,100,100,100,100,100,100,100,100,100,100,100,100
3589,100,100,100,100,100,100,100,100,100,100,100,100
3006,100,100,100,100,100,100,100,100,100,100,100,100
957,100,100,100,100,100,100,100,100,100,100,100,100
2298,100,100,100,100,100,100,100,100,100,100,100,100
1214,100,100,100,100,100,100,100,100,100,100,100,100
1384,100,100,100,100,100,100,100,100,100,100,100,100
677,100,100,100,100,100,100,100,100,100,100,100,100
189,100,100,100,100,100,100,100,100,100,100,100,100
2243,100,100,100,100,100,100,100,100,100,100,100,100
1029,100,100,100,100,100,100,100,100,100,100,100,100
89,100,100,100,100,100,100,100,100,100,100,100,100
2781,100,100,100,100,100,100,100,100,100,100,100,100
2795,100,100,100,100,100,100,100,100,100,100,100,100
1619,100,100,100,100,100,100,100,100,100,100,100,100
4019,100,100,100,100,100,100,100,100,100,100,100,100
734,100,100,100,100,100,100,100,100,100,100,100,100
685,100,100,100,100,100,100,100,100,100,100,100,100
2658,100,100,100,100,100,100,100,100,100,100,100,100
3238,100,100,100,100,100,100,100,100,100,100,100,100
3025,100,100,100,100,100,100,100,100,100,100,100,100
4031,100,100,100,100,100,100,100,100,100,100,100,100
3775,100,100,100,100,100,100,100,100,100,100,100,100
2386,100,100,100,100,100,100,100,100,100,100,100,100
55,100,100,100,100,100,100,100,100,100,100,100,100
2899,100,100,100,100,100,100,100,100,100,100,100,100
243,100,100,100,100,100,100,100,100,100,100,100,100
2664,100,100,100,100,100,100,100,100,100,100,100,100
3782,100,100,100,100,100,100,100,100,100,100,100,100
3322,100,100,100,100,100,100,100,100,100,100,100,100
3013,100,100,100,100,100,100,100,100,100,100,100,100
3105,100,100,100,100,100,100,100,100,100,100,100,100
2938,100,100,100,100,100,100,100,100,100,100,100,100
1475,100,100,100,100,100,100,100,100,100,100,100,100
3345,100,100,100,100,100,100,100,100,100,100,100,100
2543,100,100,100,100,100,100,100,100,100,100,100,100
2714,100,100,100,100,100,100,100,100,100,100,100,100
3062,100,100,100,100,100,100,100,100,100,100,100,100
3358,100,100,100,100,100,100,100,100,100,100,100,100
3377,100,100,100,100,100,100,100,100,100,100,100,100
3475,100,100,100,100,100,100,100,100,100,100,100,100
2821,100,100,100,100,100,100,100,100,100,100,100,100
1991,100,100,100,100,100,100,100,100,100,100,100,100
2196,100,100,100,100,100,100,100,100,100,100,100,100
3631,100,100,100,100,100,100,100,100,100,100,100,100
3107,100,100,100,100,100,100,100,100,100,100,100,100
3429,100,100,100,100,100,100,100,100,100,100,100,100
2339,100,100,100,100,100,100,100,100,100,100,100,100
610,100,100,100,100,100,100,100,100,100,100,100,100
3041,100,100,100,100,100,100,100,100,100,100,100,100
2648,100,100,100,100,100,100,100,100,100,100,100,100
2893,100,100,100,100,100,100,100,100,100,100,100,100
1418,100,100,100,100,100,100,100,100,100,100,100,100
2819,100,100,100,100,100,100,100,100,100,100,100,100
3196,100,100,100,100,100,100,100,100,100,100,100,100
3424,100,100,100,100,100,100,100,100,100,100,100,100
2568,100,100,100,100,100,100,100,100,100,100,100,100
2906,100,100,100,100,100,100,100,100,100,100,100,100
3420,100,100,100,100,100,100,100,100,100,100,100,100
2367,100,100,100,100,100,100,100,100,100,100,100,100
3587,100,100,100,100,100,100,100,100,100,100,100,100
657,100,100,100,100,100,100,100,100,100,100,100,100
522,100,100,100,100,100,100,100,100,100,100,100,100
3750,100,100,100,100,100,100,100,100,100,100,100,100
2419,100,100,100,100,100,100,100,100,100,100,100,100
893,100,100,100,100,100,100,100,100,100,100,100,100
418,100,100,100,100,100,100,100,100,100,100,100,100
2024,100,100,100,100,100,100,100,100,100,100,100,100
2347,100,100,100,100,100,100,100,100,100,100,100,100
151,100,100,100,100,100,100,100,100,100,100,100,100
3592,100,100,100,100,100,100,100,100,100,100,100,100
1891,100,100,100,100,100,100,100,100,100,100,100,100
2019,100,100,100,100,100,100,100,100,100,100,100,100
2845,100,100,100,100,100,100,100,100,100,100,100,100
2065,100,100,100,100,100,100,100,100,100,100,100,100
1522,100,100,100,100,100,100,100,100,100,100,100,100
967,100,100,100,100,100,100,100,100,100,100,100,100
4056,100,100,100,100,100,100,100,100,100,100,100,100
679,100,100,100,100,100,100,100,100,100,100,100,100
821,100,100,100,100,100,100,100,100,100,100,100,100
2718,100,100,100,100,100,100,100,100,100,100,100,100
862,100,100,100,100,100,100,100,100,100,100,100,100
1156,100,100,100,100,100,100,100,100,100,100,100,100
2015,100,100,100,100,100,100,100,100,100,100,100,100
2297,100,100,100,100,100,100,100,100,100,100,100,100
1344,100,100,100,100,100,100,100,100,100,100,100,100
1953,100,100,100,100,100,100,100,100,100,100,100,100
2486,100,100,100,100,100,100,100,100,100,100,100,100
3239,100,100,100,100,100,100,100,100,100,100,100,100
3273,100,100,100,100,100,100,100,100,100,100,100,100
2578,100,100,100,100,100,100,100,100,100,100,100,100
2647,100,100,100,100,100,100,100,100,100,100,100,100
3970,100,100,100,100,100,100,100,100,100,100,100,100
1597,100,100,100,100,100,100,100,100,100,100,100,100
421,100,100,100,100,100,100,100,100,100,100,100,100
818,100,100,100,100,100,100,100,100,100,100,100,100